timestamp;buyer;seller;symbol;currency;price;quantity
0;;;ASH_COATED_OSMIUM;XIRECS;10000.0;6
3600;;;ASH_COATED_OSMIUM;XIRECS;10017.0;3
4200;;;ASH_COATED_OSMIUM;XIRECS;10017.0;2
4400;;;INTARIAN_PEPPER_ROOT;XIRECS;12989.0;5
4800;;;INTARIAN_PEPPER_ROOT;XIRECS;12987.0;3
5000;;;INTARIAN_PEPPER_ROOT;XIRECS;12977.0;5
9100;;;ASH_COATED_OSMIUM;XIRECS;10006.0;4
9600;;;ASH_COATED_OSMIUM;XIRECS;9999.0;6
10000;;;ASH_COATED_OSMIUM;XIRECS;9999.0;8
12100;;;ASH_COATED_OSMIUM;XIRECS;9998.0;5
14000;;;ASH_COATED_OSMIUM;XIRECS;10012.0;3
15100;;;ASH_COATED_OSMIUM;XIRECS;10013.0;2
15100;;;ASH_COATED_OSMIUM;XIRECS;10013.0;8
17400;;;INTARIAN_PEPPER_ROOT;XIRECS;13002.0;3
18500;;;ASH_COATED_OSMIUM;XIRECS;10016.0;6
23000;;;INTARIAN_PEPPER_ROOT;XIRECS;13003.0;4
23100;;;INTARIAN_PEPPER_ROOT;XIRECS;13006.0;4
23900;;;ASH_COATED_OSMIUM;XIRECS;9996.0;4
24300;;;ASH_COATED_OSMIUM;XIRECS;9995.0;4
24600;;;ASH_COATED_OSMIUM;XIRECS;9995.0;3
30400;;;ASH_COATED_OSMIUM;XIRECS;10008.0;2
30400;;;INTARIAN_PEPPER_ROOT;XIRECS;13019.0;6
32800;;;ASH_COATED_OSMIUM;XIRECS;9992.0;4
33300;;;INTARIAN_PEPPER_ROOT;XIRECS;13018.0;7
34000;;;ASH_COATED_OSMIUM;XIRECS;10010.0;7
34400;;;INTARIAN_PEPPER_ROOT;XIRECS;13022.0;3
34500;;;ASH_COATED_OSMIUM;XIRECS;9994.0;8
35700;;;INTARIAN_PEPPER_ROOT;XIRECS;13024.0;7
35700;;;INTARIAN_PEPPER_ROOT;XIRECS;13020.0;3
35800;;;INTARIAN_PEPPER_ROOT;XIRECS;13012.0;7
36500;;;ASH_COATED_OSMIUM;XIRECS;10010.0;3
37900;;;ASH_COATED_OSMIUM;XIRECS;9992.0;4
38400;;;ASH_COATED_OSMIUM;XIRECS;10008.0;3
38500;;;INTARIAN_PEPPER_ROOT;XIRECS;13010.0;5
39100;;;ASH_COATED_OSMIUM;XIRECS;10008.0;6
39900;;;ASH_COATED_OSMIUM;XIRECS;10008.0;7
41500;;;ASH_COATED_OSMIUM;XIRECS;10009.0;5
42800;;;INTARIAN_PEPPER_ROOT;XIRECS;13036.0;5
44700;;;INTARIAN_PEPPER_ROOT;XIRECS;13029.0;8
50900;;;ASH_COATED_OSMIUM;XIRECS;9995.0;5
51400;;;INTARIAN_PEPPER_ROOT;XIRECS;13044.0;4
52600;;;INTARIAN_PEPPER_ROOT;XIRECS;13062.0;8
54600;;;ASH_COATED_OSMIUM;XIRECS;9992.0;6
57000;;;INTARIAN_PEPPER_ROOT;XIRECS;13082.0;4
58400;;;ASH_COATED_OSMIUM;XIRECS;9997.0;3
59500;;;ASH_COATED_OSMIUM;XIRECS;10017.0;2
61700;;;INTARIAN_PEPPER_ROOT;XIRECS;13099.0;6
62000;;;ASH_COATED_OSMIUM;XIRECS;10014.0;6
63700;;;ASH_COATED_OSMIUM;XIRECS;9998.0;2
64300;;;INTARIAN_PEPPER_ROOT;XIRECS;13095.0;3
64900;;;ASH_COATED_OSMIUM;XIRECS;10013.0;4
65300;;;ASH_COATED_OSMIUM;XIRECS;9997.0;2
68000;;;ASH_COATED_OSMIUM;XIRECS;10018.0;3
70400;;;INTARIAN_PEPPER_ROOT;XIRECS;13116.0;5
71500;;;INTARIAN_PEPPER_ROOT;XIRECS;13110.0;4
73700;;;INTARIAN_PEPPER_ROOT;XIRECS;13110.0;4
76300;;;ASH_COATED_OSMIUM;XIRECS;9997.0;6
76500;;;ASH_COATED_OSMIUM;XIRECS;10016.0;8
77200;;;INTARIAN_PEPPER_ROOT;XIRECS;13111.0;3
80200;;;INTARIAN_PEPPER_ROOT;XIRECS;13110.0;5
83000;;;INTARIAN_PEPPER_ROOT;XIRECS;13119.0;6
83700;;;ASH_COATED_OSMIUM;XIRECS;10015.0;2
84400;;;INTARIAN_PEPPER_ROOT;XIRECS;13119.0;5
84600;;;INTARIAN_PEPPER_ROOT;XIRECS;13122.0;6
84800;;;INTARIAN_PEPPER_ROOT;XIRECS;13118.0;5
85500;;;ASH_COATED_OSMIUM;XIRECS;9996.0;7
85700;;;ASH_COATED_OSMIUM;XIRECS;10001.0;3
85900;;;ASH_COATED_OSMIUM;XIRECS;9995.0;5
87900;;;ASH_COATED_OSMIUM;XIRECS;9993.0;5
88300;;;ASH_COATED_OSMIUM;XIRECS;10012.0;2
90200;;;ASH_COATED_OSMIUM;XIRECS;10010.0;10
90800;;;ASH_COATED_OSMIUM;XIRECS;9993.0;6
91700;;;INTARIAN_PEPPER_ROOT;XIRECS;13104.0;8
92500;;;INTARIAN_PEPPER_ROOT;XIRECS;13116.0;7
95100;;;INTARIAN_PEPPER_ROOT;XIRECS;13103.0;8
96100;;;ASH_COATED_OSMIUM;XIRECS;10009.0;3
96900;;;ASH_COATED_OSMIUM;XIRECS;10010.0;8
97100;;;ASH_COATED_OSMIUM;XIRECS;10010.0;6
106100;;;ASH_COATED_OSMIUM;XIRECS;10012.0;5
107000;;;INTARIAN_PEPPER_ROOT;XIRECS;13120.0;7
109800;;;INTARIAN_PEPPER_ROOT;XIRECS;13124.0;4
109800;;;INTARIAN_PEPPER_ROOT;XIRECS;13120.0;3
110500;;;INTARIAN_PEPPER_ROOT;XIRECS;13121.0;8
111800;;;ASH_COATED_OSMIUM;XIRECS;9994.0;5
114900;;;ASH_COATED_OSMIUM;XIRECS;9992.0;3
116100;;;ASH_COATED_OSMIUM;XIRECS;9993.0;8
117500;;;INTARIAN_PEPPER_ROOT;XIRECS;13120.0;6
120100;;;INTARIAN_PEPPER_ROOT;XIRECS;13138.0;4
122000;;;ASH_COATED_OSMIUM;XIRECS;10008.0;10
122400;;;INTARIAN_PEPPER_ROOT;XIRECS;13143.0;7
122500;;;ASH_COATED_OSMIUM;XIRECS;10009.0;5
124700;;;ASH_COATED_OSMIUM;XIRECS;9991.0;2
126600;;;ASH_COATED_OSMIUM;XIRECS;9992.0;6
126700;;;ASH_COATED_OSMIUM;XIRECS;9992.0;6
127800;;;INTARIAN_PEPPER_ROOT;XIRECS;13123.0;3
128000;;;ASH_COATED_OSMIUM;XIRECS;10007.0;2
129500;;;INTARIAN_PEPPER_ROOT;XIRECS;13141.0;3
130500;;;ASH_COATED_OSMIUM;XIRECS;10007.0;2
131000;;;ASH_COATED_OSMIUM;XIRECS;10008.0;9
131100;;;INTARIAN_PEPPER_ROOT;XIRECS;13143.0;4
131600;;;ASH_COATED_OSMIUM;XIRECS;10011.0;2
132300;;;INTARIAN_PEPPER_ROOT;XIRECS;13125.0;3
134400;;;INTARIAN_PEPPER_ROOT;XIRECS;13136.0;4
137900;;;ASH_COATED_OSMIUM;XIRECS;10012.0;3
138000;;;INTARIAN_PEPPER_ROOT;XIRECS;13118.0;4
138700;;;INTARIAN_PEPPER_ROOT;XIRECS;13127.0;3
139400;;;ASH_COATED_OSMIUM;XIRECS;9997.0;5
139600;;;ASH_COATED_OSMIUM;XIRECS;9997.0;6
141900;;;INTARIAN_PEPPER_ROOT;XIRECS;13113.0;4
142200;;;ASH_COATED_OSMIUM;XIRECS;9997.0;2
142200;;;ASH_COATED_OSMIUM;XIRECS;9997.0;6
142300;;;INTARIAN_PEPPER_ROOT;XIRECS;13123.0;6
146900;;;ASH_COATED_OSMIUM;XIRECS;10014.0;6
148200;;;INTARIAN_PEPPER_ROOT;XIRECS;13105.0;7
149500;;;ASH_COATED_OSMIUM;XIRECS;10015.0;9
153400;;;ASH_COATED_OSMIUM;XIRECS;9999.0;5
154800;;;ASH_COATED_OSMIUM;XIRECS;10000.0;2
155300;;;ASH_COATED_OSMIUM;XIRECS;10016.0;10
155500;;;ASH_COATED_OSMIUM;XIRECS;10016.0;6
155700;;;ASH_COATED_OSMIUM;XIRECS;10018.0;7
158400;;;ASH_COATED_OSMIUM;XIRECS;9996.0;5
164100;;;INTARIAN_PEPPER_ROOT;XIRECS;13129.0;5
164200;;;INTARIAN_PEPPER_ROOT;XIRECS;13121.0;7
165500;;;ASH_COATED_OSMIUM;XIRECS;10009.0;4
170300;;;INTARIAN_PEPPER_ROOT;XIRECS;13149.0;7
170500;;;INTARIAN_PEPPER_ROOT;XIRECS;13147.0;7
172900;;;ASH_COATED_OSMIUM;XIRECS;10015.0;4
173300;;;ASH_COATED_OSMIUM;XIRECS;10015.0;4
177700;;;ASH_COATED_OSMIUM;XIRECS;10000.0;10
177900;;;INTARIAN_PEPPER_ROOT;XIRECS;13159.0;5
181800;;;ASH_COATED_OSMIUM;XIRECS;10002.0;2
182900;;;ASH_COATED_OSMIUM;XIRECS;10001.0;5
184700;;;ASH_COATED_OSMIUM;XIRECS;10011.0;5
185000;;;ASH_COATED_OSMIUM;XIRECS;10001.0;4
185900;;;ASH_COATED_OSMIUM;XIRECS;10001.0;10
187000;;;ASH_COATED_OSMIUM;XIRECS;10002.0;4
190600;;;ASH_COATED_OSMIUM;XIRECS;10018.0;3
191800;;;INTARIAN_PEPPER_ROOT;XIRECS;13187.0;4
192600;;;ASH_COATED_OSMIUM;XIRECS;9997.0;8
192900;;;ASH_COATED_OSMIUM;XIRECS;10015.0;10
194900;;;INTARIAN_PEPPER_ROOT;XIRECS;13192.0;6
197300;;;ASH_COATED_OSMIUM;XIRECS;9996.0;9
198600;;;INTARIAN_PEPPER_ROOT;XIRECS;13192.0;5
199400;;;INTARIAN_PEPPER_ROOT;XIRECS;13206.0;5
200300;;;ASH_COATED_OSMIUM;XIRECS;9992.0;6
200300;;;ASH_COATED_OSMIUM;XIRECS;9992.0;10
200600;;;ASH_COATED_OSMIUM;XIRECS;10011.0;2
200700;;;ASH_COATED_OSMIUM;XIRECS;10011.0;8
200800;;;ASH_COATED_OSMIUM;XIRECS;10011.0;2
201900;;;ASH_COATED_OSMIUM;XIRECS;9992.0;4
204000;;;INTARIAN_PEPPER_ROOT;XIRECS;13209.0;7
204600;;;INTARIAN_PEPPER_ROOT;XIRECS;13195.0;5
205800;;;ASH_COATED_OSMIUM;XIRECS;9993.0;2
206600;;;ASH_COATED_OSMIUM;XIRECS;9991.0;7
207500;;;INTARIAN_PEPPER_ROOT;XIRECS;13213.0;3
208900;;;ASH_COATED_OSMIUM;XIRECS;9992.0;10
210200;;;ASH_COATED_OSMIUM;XIRECS;9993.0;4
211400;;;INTARIAN_PEPPER_ROOT;XIRECS;13207.0;7
212100;;;INTARIAN_PEPPER_ROOT;XIRECS;13216.0;4
212900;;;ASH_COATED_OSMIUM;XIRECS;9993.0;6
215000;;;INTARIAN_PEPPER_ROOT;XIRECS;13225.0;7
217000;;;INTARIAN_PEPPER_ROOT;XIRECS;13230.0;5
217500;;;INTARIAN_PEPPER_ROOT;XIRECS;13232.0;6
220600;;;INTARIAN_PEPPER_ROOT;XIRECS;13228.0;4
220800;;;INTARIAN_PEPPER_ROOT;XIRECS;13237.0;6
223100;;;ASH_COATED_OSMIUM;XIRECS;10010.0;2
224300;;;INTARIAN_PEPPER_ROOT;XIRECS;13251.0;3
224900;;;ASH_COATED_OSMIUM;XIRECS;10008.0;7
225000;;;ASH_COATED_OSMIUM;XIRECS;10008.0;5
225000;;;INTARIAN_PEPPER_ROOT;XIRECS;13239.0;7
226200;;;ASH_COATED_OSMIUM;XIRECS;9991.0;6
227800;;;ASH_COATED_OSMIUM;XIRECS;9990.0;5
228000;;;ASH_COATED_OSMIUM;XIRECS;9990.0;5
229400;;;ASH_COATED_OSMIUM;XIRECS;10007.0;2
229800;;;ASH_COATED_OSMIUM;XIRECS;10007.0;5
234600;;;INTARIAN_PEPPER_ROOT;XIRECS;13282.0;4
235600;;;ASH_COATED_OSMIUM;XIRECS;9986.0;8
236300;;;ASH_COATED_OSMIUM;XIRECS;9989.0;4
236700;;;ASH_COATED_OSMIUM;XIRECS;9988.0;2
236800;;;ASH_COATED_OSMIUM;XIRECS;9988.0;4
237200;;;ASH_COATED_OSMIUM;XIRECS;10004.0;5
237300;;;ASH_COATED_OSMIUM;XIRECS;9987.0;3
237500;;;INTARIAN_PEPPER_ROOT;XIRECS;13288.0;4
239700;;;INTARIAN_PEPPER_ROOT;XIRECS;13291.0;7
241700;;;ASH_COATED_OSMIUM;XIRECS;9988.0;7
242000;;;INTARIAN_PEPPER_ROOT;XIRECS;13294.0;7
243000;;;ASH_COATED_OSMIUM;XIRECS;10005.0;5
243400;;;ASH_COATED_OSMIUM;XIRECS;10008.0;6
243500;;;INTARIAN_PEPPER_ROOT;XIRECS;13291.0;4
243700;;;ASH_COATED_OSMIUM;XIRECS;10005.0;6
246200;;;ASH_COATED_OSMIUM;XIRECS;9985.0;9
247800;;;ASH_COATED_OSMIUM;XIRECS;9987.0;6
248700;;;INTARIAN_PEPPER_ROOT;XIRECS;13281.0;4
251900;;;ASH_COATED_OSMIUM;XIRECS;9989.0;4
252400;;;ASH_COATED_OSMIUM;XIRECS;10004.0;7
258300;;;ASH_COATED_OSMIUM;XIRECS;10008.0;9
258600;;;ASH_COATED_OSMIUM;XIRECS;10008.0;4
259400;;;ASH_COATED_OSMIUM;XIRECS;9990.0;8
260100;;;INTARIAN_PEPPER_ROOT;XIRECS;13280.0;5
260500;;;ASH_COATED_OSMIUM;XIRECS;10005.0;7
260800;;;ASH_COATED_OSMIUM;XIRECS;10005.0;2
261500;;;ASH_COATED_OSMIUM;XIRECS;9990.0;2
264100;;;INTARIAN_PEPPER_ROOT;XIRECS;13258.0;7
265000;;;ASH_COATED_OSMIUM;XIRECS;9993.0;8
265100;;;INTARIAN_PEPPER_ROOT;XIRECS;13263.0;6
267000;;;ASH_COATED_OSMIUM;XIRECS;9989.0;9
267500;;;INTARIAN_PEPPER_ROOT;XIRECS;13255.0;3
269000;;;ASH_COATED_OSMIUM;XIRECS;10005.0;6
269600;;;ASH_COATED_OSMIUM;XIRECS;9989.0;4
270600;;;ASH_COATED_OSMIUM;XIRECS;10005.0;2
270700;;;INTARIAN_PEPPER_ROOT;XIRECS;13271.0;6
272000;;;ASH_COATED_OSMIUM;XIRECS;10008.0;5
273000;;;ASH_COATED_OSMIUM;XIRECS;10005.0;6
274100;;;INTARIAN_PEPPER_ROOT;XIRECS;13260.0;6
274300;;;INTARIAN_PEPPER_ROOT;XIRECS;13268.0;8
275800;;;ASH_COATED_OSMIUM;XIRECS;10006.0;4
281100;;;ASH_COATED_OSMIUM;XIRECS;9990.0;2
282600;;;INTARIAN_PEPPER_ROOT;XIRECS;13277.0;6
282700;;;ASH_COATED_OSMIUM;XIRECS;9988.0;4
282700;;;ASH_COATED_OSMIUM;XIRECS;10004.0;6
291600;;;ASH_COATED_OSMIUM;XIRECS;9988.0;3
294100;;;INTARIAN_PEPPER_ROOT;XIRECS;13295.0;3
295500;;;ASH_COATED_OSMIUM;XIRECS;10004.0;8
297000;;;ASH_COATED_OSMIUM;XIRECS;10003.0;9
297500;;;ASH_COATED_OSMIUM;XIRECS;10003.0;3
299700;;;ASH_COATED_OSMIUM;XIRECS;9986.0;2
300000;;;INTARIAN_PEPPER_ROOT;XIRECS;13299.0;7
301400;;;INTARIAN_PEPPER_ROOT;XIRECS;13299.0;7
301600;;;ASH_COATED_OSMIUM;XIRECS;9990.0;9
306000;;;INTARIAN_PEPPER_ROOT;XIRECS;13293.0;5
306200;;;ASH_COATED_OSMIUM;XIRECS;9986.0;6
306500;;;ASH_COATED_OSMIUM;XIRECS;10008.0;5
307600;;;ASH_COATED_OSMIUM;XIRECS;9990.0;5
310000;;;ASH_COATED_OSMIUM;XIRECS;10009.0;9
311100;;;ASH_COATED_OSMIUM;XIRECS;10007.0;6
311200;;;INTARIAN_PEPPER_ROOT;XIRECS;13278.0;3
311700;;;INTARIAN_PEPPER_ROOT;XIRECS;13288.0;6
313300;;;ASH_COATED_OSMIUM;XIRECS;9992.0;2
314400;;;INTARIAN_PEPPER_ROOT;XIRECS;13290.0;6
321100;;;ASH_COATED_OSMIUM;XIRECS;10012.0;6
323200;;;INTARIAN_PEPPER_ROOT;XIRECS;13285.0;5
323500;;;ASH_COATED_OSMIUM;XIRECS;9995.0;6
324800;;;ASH_COATED_OSMIUM;XIRECS;9993.0;2
325200;;;ASH_COATED_OSMIUM;XIRECS;10012.0;5
327400;;;INTARIAN_PEPPER_ROOT;XIRECS;13278.0;6
327600;;;INTARIAN_PEPPER_ROOT;XIRECS;13296.0;3
329000;;;ASH_COATED_OSMIUM;XIRECS;9996.0;9
330000;;;ASH_COATED_OSMIUM;XIRECS;10012.0;4
330800;;;ASH_COATED_OSMIUM;XIRECS;9994.0;2
331500;;;INTARIAN_PEPPER_ROOT;XIRECS;13285.0;3
331800;;;ASH_COATED_OSMIUM;XIRECS;10011.0;8
332800;;;ASH_COATED_OSMIUM;XIRECS;10008.0;5
334600;;;INTARIAN_PEPPER_ROOT;XIRECS;13308.0;3
334900;;;INTARIAN_PEPPER_ROOT;XIRECS;13295.0;3
335500;;;INTARIAN_PEPPER_ROOT;XIRECS;13311.0;3
335800;;;ASH_COATED_OSMIUM;XIRECS;9993.0;6
336200;;;ASH_COATED_OSMIUM;XIRECS;9993.0;6
336400;;;ASH_COATED_OSMIUM;XIRECS;10010.0;9
336700;;;INTARIAN_PEPPER_ROOT;XIRECS;13315.0;6
337000;;;ASH_COATED_OSMIUM;XIRECS;9993.0;4
337300;;;ASH_COATED_OSMIUM;XIRECS;9994.0;7
337600;;;INTARIAN_PEPPER_ROOT;XIRECS;13303.0;7
340900;;;ASH_COATED_OSMIUM;XIRECS;10011.0;2
341400;;;ASH_COATED_OSMIUM;XIRECS;9996.0;2
342400;;;ASH_COATED_OSMIUM;XIRECS;9996.0;5
344000;;;INTARIAN_PEPPER_ROOT;XIRECS;13328.0;3
344400;;;ASH_COATED_OSMIUM;XIRECS;9995.0;4
346000;;;ASH_COATED_OSMIUM;XIRECS;9995.0;3
346400;;;ASH_COATED_OSMIUM;XIRECS;10001.0;4
349600;;;ASH_COATED_OSMIUM;XIRECS;10011.0;4
350600;;;ASH_COATED_OSMIUM;XIRECS;10010.0;5
351100;;;INTARIAN_PEPPER_ROOT;XIRECS;13365.0;4
352000;;;ASH_COATED_OSMIUM;XIRECS;10008.0;5
352100;;;INTARIAN_PEPPER_ROOT;XIRECS;13354.0;7
352300;;;INTARIAN_PEPPER_ROOT;XIRECS;13365.0;8
352700;;;INTARIAN_PEPPER_ROOT;XIRECS;13370.0;6
353000;;;ASH_COATED_OSMIUM;XIRECS;9992.0;5
354200;;;INTARIAN_PEPPER_ROOT;XIRECS;13373.0;6
356700;;;ASH_COATED_OSMIUM;XIRECS;10010.0;9
357700;;;ASH_COATED_OSMIUM;XIRECS;9994.0;3
358200;;;INTARIAN_PEPPER_ROOT;XIRECS;13368.0;3
358400;;;INTARIAN_PEPPER_ROOT;XIRECS;13379.0;5
358600;;;ASH_COATED_OSMIUM;XIRECS;10010.0;3
360000;;;INTARIAN_PEPPER_ROOT;XIRECS;13382.0;7
361400;;;ASH_COATED_OSMIUM;XIRECS;9995.0;6
361600;;;INTARIAN_PEPPER_ROOT;XIRECS;13376.0;5
363400;;;ASH_COATED_OSMIUM;XIRECS;10012.0;2
365400;;;INTARIAN_PEPPER_ROOT;XIRECS;13380.0;7
365500;;;ASH_COATED_OSMIUM;XIRECS;9998.0;3
367500;;;INTARIAN_PEPPER_ROOT;XIRECS;13378.0;5
371100;;;INTARIAN_PEPPER_ROOT;XIRECS;13394.0;4
371400;;;INTARIAN_PEPPER_ROOT;XIRECS;13380.0;3
372300;;;INTARIAN_PEPPER_ROOT;XIRECS;13383.0;6
374800;;;INTARIAN_PEPPER_ROOT;XIRECS;13395.0;3
375500;;;ASH_COATED_OSMIUM;XIRECS;9998.0;4
375600;;;ASH_COATED_OSMIUM;XIRECS;10013.0;3
376700;;;INTARIAN_PEPPER_ROOT;XIRECS;13384.0;7
377600;;;ASH_COATED_OSMIUM;XIRECS;9993.0;4
380900;;;ASH_COATED_OSMIUM;XIRECS;9996.0;8
381000;;;INTARIAN_PEPPER_ROOT;XIRECS;13399.0;3
381200;;;ASH_COATED_OSMIUM;XIRECS;10015.0;2
383000;;;ASH_COATED_OSMIUM;XIRECS;10014.0;6
384200;;;ASH_COATED_OSMIUM;XIRECS;9996.0;4
389800;;;ASH_COATED_OSMIUM;XIRECS;10013.0;10
389900;;;ASH_COATED_OSMIUM;XIRECS;9995.0;7
390400;;;ASH_COATED_OSMIUM;XIRECS;9997.0;9
391300;;;ASH_COATED_OSMIUM;XIRECS;9997.0;4
392500;;;ASH_COATED_OSMIUM;XIRECS;10013.0;5
401000;;;INTARIAN_PEPPER_ROOT;XIRECS;13428.0;8
401700;;;ASH_COATED_OSMIUM;XIRECS;10012.0;9
402600;;;ASH_COATED_OSMIUM;XIRECS;9995.0;5
405400;;;ASH_COATED_OSMIUM;XIRECS;9995.0;2
407400;;;ASH_COATED_OSMIUM;XIRECS;10010.0;8
412800;;;ASH_COATED_OSMIUM;XIRECS;9990.0;4
414200;;;ASH_COATED_OSMIUM;XIRECS;10008.0;6
415400;;;INTARIAN_PEPPER_ROOT;XIRECS;13459.0;6
416000;;;ASH_COATED_OSMIUM;XIRECS;9990.0;6
416300;;;ASH_COATED_OSMIUM;XIRECS;9990.0;2
417300;;;INTARIAN_PEPPER_ROOT;XIRECS;13458.0;5
419200;;;INTARIAN_PEPPER_ROOT;XIRECS;13438.0;6
419400;;;INTARIAN_PEPPER_ROOT;XIRECS;13456.0;4
420500;;;INTARIAN_PEPPER_ROOT;XIRECS;13437.0;7
423500;;;INTARIAN_PEPPER_ROOT;XIRECS;13436.0;6
424900;;;ASH_COATED_OSMIUM;XIRECS;9992.0;6
425100;;;INTARIAN_PEPPER_ROOT;XIRECS;13447.0;7
425200;;;ASH_COATED_OSMIUM;XIRECS;10011.0;6
425800;;;ASH_COATED_OSMIUM;XIRECS;9996.0;7
427800;;;INTARIAN_PEPPER_ROOT;XIRECS;13429.0;7
430300;;;ASH_COATED_OSMIUM;XIRECS;10012.0;4
432100;;;INTARIAN_PEPPER_ROOT;XIRECS;13424.0;8
433000;;;ASH_COATED_OSMIUM;XIRECS;9996.0;6
433700;;;ASH_COATED_OSMIUM;XIRECS;9997.0;6
435600;;;ASH_COATED_OSMIUM;XIRECS;9993.0;3
436100;;;INTARIAN_PEPPER_ROOT;XIRECS;13426.0;5
437800;;;INTARIAN_PEPPER_ROOT;XIRECS;13414.0;3
439100;;;ASH_COATED_OSMIUM;XIRECS;10010.0;5
439800;;;ASH_COATED_OSMIUM;XIRECS;10007.0;7
440500;;;ASH_COATED_OSMIUM;XIRECS;10008.0;3
440900;;;ASH_COATED_OSMIUM;XIRECS;9993.0;2
441000;;;INTARIAN_PEPPER_ROOT;XIRECS;13412.0;4
441300;;;INTARIAN_PEPPER_ROOT;XIRECS;13414.0;5
442300;;;ASH_COATED_OSMIUM;XIRECS;10009.0;6
442700;;;ASH_COATED_OSMIUM;XIRECS;10009.0;6
443200;;;ASH_COATED_OSMIUM;XIRECS;10009.0;4
444200;;;ASH_COATED_OSMIUM;XIRECS;10011.0;10
445000;;;ASH_COATED_OSMIUM;XIRECS;10010.0;8
448000;;;INTARIAN_PEPPER_ROOT;XIRECS;13428.0;5
449100;;;ASH_COATED_OSMIUM;XIRECS;9996.0;8
451000;;;ASH_COATED_OSMIUM;XIRECS;9992.0;5
452000;;;ASH_COATED_OSMIUM;XIRECS;9991.0;5
452300;;;ASH_COATED_OSMIUM;XIRECS;10007.0;7
453000;;;INTARIAN_PEPPER_ROOT;XIRECS;13432.0;3
453400;;;ASH_COATED_OSMIUM;XIRECS;9991.0;6
453700;;;ASH_COATED_OSMIUM;XIRECS;10000.0;3
453800;;;INTARIAN_PEPPER_ROOT;XIRECS;13424.0;7
456200;;;ASH_COATED_OSMIUM;XIRECS;10006.0;4
456300;;;INTARIAN_PEPPER_ROOT;XIRECS;13426.0;6
457200;;;INTARIAN_PEPPER_ROOT;XIRECS;13428.0;6
457500;;;INTARIAN_PEPPER_ROOT;XIRECS;13444.0;4
458600;;;ASH_COATED_OSMIUM;XIRECS;10006.0;6
458900;;;INTARIAN_PEPPER_ROOT;XIRECS;13446.0;7
459800;;;INTARIAN_PEPPER_ROOT;XIRECS;13434.0;6
462100;;;INTARIAN_PEPPER_ROOT;XIRECS;13451.0;5
464100;;;ASH_COATED_OSMIUM;XIRECS;10007.0;6
464500;;;INTARIAN_PEPPER_ROOT;XIRECS;13456.0;3
465700;;;ASH_COATED_OSMIUM;XIRECS;10011.0;6
466000;;;INTARIAN_PEPPER_ROOT;XIRECS;13446.0;3
467500;;;INTARIAN_PEPPER_ROOT;XIRECS;13445.0;3
467800;;;ASH_COATED_OSMIUM;XIRECS;10000.0;2
467800;;;ASH_COATED_OSMIUM;XIRECS;10007.0;5
468100;;;ASH_COATED_OSMIUM;XIRECS;9991.0;8
469200;;;INTARIAN_PEPPER_ROOT;XIRECS;13447.0;6
471900;;;ASH_COATED_OSMIUM;XIRECS;10008.0;6
472400;;;ASH_COATED_OSMIUM;XIRECS;9992.0;3
473000;;;INTARIAN_PEPPER_ROOT;XIRECS;13461.0;4
473800;;;INTARIAN_PEPPER_ROOT;XIRECS;13451.0;5
474000;;;INTARIAN_PEPPER_ROOT;XIRECS;13462.0;5
476600;;;ASH_COATED_OSMIUM;XIRECS;10006.0;5
477200;;;ASH_COATED_OSMIUM;XIRECS;9989.0;6
477800;;;INTARIAN_PEPPER_ROOT;XIRECS;13466.0;5
478700;;;ASH_COATED_OSMIUM;XIRECS;9987.0;3
478800;;;ASH_COATED_OSMIUM;XIRECS;9990.0;6
479800;;;ASH_COATED_OSMIUM;XIRECS;9987.0;2
480500;;;INTARIAN_PEPPER_ROOT;XIRECS;13454.0;3
482300;;;INTARIAN_PEPPER_ROOT;XIRECS;13451.0;5
482800;;;ASH_COATED_OSMIUM;XIRECS;9985.0;5
482900;;;ASH_COATED_OSMIUM;XIRECS;9987.0;5
486200;;;INTARIAN_PEPPER_ROOT;XIRECS;13461.0;8
486700;;;INTARIAN_PEPPER_ROOT;XIRECS;13453.0;8
487400;;;ASH_COATED_OSMIUM;XIRECS;10001.0;3
487700;;;ASH_COATED_OSMIUM;XIRECS;9983.0;4
487900;;;ASH_COATED_OSMIUM;XIRECS;9985.0;5
489600;;;INTARIAN_PEPPER_ROOT;XIRECS;13450.0;3
489700;;;ASH_COATED_OSMIUM;XIRECS;10002.0;7
490500;;;INTARIAN_PEPPER_ROOT;XIRECS;13450.0;5
494000;;;INTARIAN_PEPPER_ROOT;XIRECS;13449.0;4
494500;;;ASH_COATED_OSMIUM;XIRECS;10003.0;3
496000;;;INTARIAN_PEPPER_ROOT;XIRECS;13456.0;4
498900;;;ASH_COATED_OSMIUM;XIRECS;9987.0;8
500000;;;INTARIAN_PEPPER_ROOT;XIRECS;13474.0;3
500200;;;ASH_COATED_OSMIUM;XIRECS;9987.0;4
501300;;;INTARIAN_PEPPER_ROOT;XIRECS;13477.0;7
502300;;;ASH_COATED_OSMIUM;XIRECS;9989.0;4
502900;;;ASH_COATED_OSMIUM;XIRECS;10005.0;2
503300;;;ASH_COATED_OSMIUM;XIRECS;10005.0;3
503500;;;INTARIAN_PEPPER_ROOT;XIRECS;13471.0;6
508000;;;INTARIAN_PEPPER_ROOT;XIRECS;13486.0;3
509900;;;INTARIAN_PEPPER_ROOT;XIRECS;13490.0;7
511200;;;ASH_COATED_OSMIUM;XIRECS;9992.0;4
511700;;;ASH_COATED_OSMIUM;XIRECS;10008.0;6
512700;;;ASH_COATED_OSMIUM;XIRECS;10009.0;4
512800;;;ASH_COATED_OSMIUM;XIRECS;9993.0;7
513000;;;INTARIAN_PEPPER_ROOT;XIRECS;13519.0;5
514500;;;ASH_COATED_OSMIUM;XIRECS;9994.0;5
516300;;;ASH_COATED_OSMIUM;XIRECS;10012.0;5
517400;;;ASH_COATED_OSMIUM;XIRECS;10011.0;5
519400;;;INTARIAN_PEPPER_ROOT;XIRECS;13544.0;7
520900;;;INTARIAN_PEPPER_ROOT;XIRECS;13530.0;5
521800;;;INTARIAN_PEPPER_ROOT;XIRECS;13537.0;5
522000;;;ASH_COATED_OSMIUM;XIRECS;9996.0;4
522700;;;ASH_COATED_OSMIUM;XIRECS;10011.0;5
525900;;;ASH_COATED_OSMIUM;XIRECS;9993.0;4
531800;;;INTARIAN_PEPPER_ROOT;XIRECS;13559.0;4
532500;;;ASH_COATED_OSMIUM;XIRECS;9988.0;3
536300;;;ASH_COATED_OSMIUM;XIRECS;9985.0;6
536900;;;INTARIAN_PEPPER_ROOT;XIRECS;13576.0;3
537400;;;ASH_COATED_OSMIUM;XIRECS;10002.0;3
540100;;;INTARIAN_PEPPER_ROOT;XIRECS;13562.0;6
540300;;;ASH_COATED_OSMIUM;XIRECS;10003.0;2
545300;;;INTARIAN_PEPPER_ROOT;XIRECS;13576.0;7
547300;;;ASH_COATED_OSMIUM;XIRECS;9990.0;9
552900;;;ASH_COATED_OSMIUM;XIRECS;9988.0;10
554400;;;ASH_COATED_OSMIUM;XIRECS;9988.0;10
556200;;;INTARIAN_PEPPER_ROOT;XIRECS;13564.0;3
556700;;;INTARIAN_PEPPER_ROOT;XIRECS;13567.0;8
556900;;;ASH_COATED_OSMIUM;XIRECS;9986.0;2
557000;;;INTARIAN_PEPPER_ROOT;XIRECS;13579.0;3
557700;;;ASH_COATED_OSMIUM;XIRECS;9989.0;8
560300;;;ASH_COATED_OSMIUM;XIRECS;10006.0;6
561300;;;INTARIAN_PEPPER_ROOT;XIRECS;13573.0;3
563900;;;ASH_COATED_OSMIUM;XIRECS;10007.0;3
564900;;;INTARIAN_PEPPER_ROOT;XIRECS;13578.0;6
566100;;;INTARIAN_PEPPER_ROOT;XIRECS;13581.0;3
566600;;;ASH_COATED_OSMIUM;XIRECS;10007.0;7
566900;;;INTARIAN_PEPPER_ROOT;XIRECS;13580.0;3
567300;;;ASH_COATED_OSMIUM;XIRECS;9989.0;10
570200;;;INTARIAN_PEPPER_ROOT;XIRECS;13600.0;5
573200;;;ASH_COATED_OSMIUM;XIRECS;10007.0;3
574100;;;ASH_COATED_OSMIUM;XIRECS;10008.0;5
574200;;;ASH_COATED_OSMIUM;XIRECS;9992.0;2
574500;;;ASH_COATED_OSMIUM;XIRECS;9993.0;3
576600;;;INTARIAN_PEPPER_ROOT;XIRECS;13611.0;5
579800;;;INTARIAN_PEPPER_ROOT;XIRECS;13614.0;7
580300;;;INTARIAN_PEPPER_ROOT;XIRECS;13600.0;7
581500;;;ASH_COATED_OSMIUM;XIRECS;10012.0;2
582300;;;INTARIAN_PEPPER_ROOT;XIRECS;13598.0;5
583900;;;ASH_COATED_OSMIUM;XIRECS;10007.0;7
584000;;;ASH_COATED_OSMIUM;XIRECS;10010.0;8
584400;;;INTARIAN_PEPPER_ROOT;XIRECS;13619.0;4
585300;;;INTARIAN_PEPPER_ROOT;XIRECS;13601.0;5
590300;;;ASH_COATED_OSMIUM;XIRECS;10002.0;3
590400;;;INTARIAN_PEPPER_ROOT;XIRECS;13615.0;3
592000;;;INTARIAN_PEPPER_ROOT;XIRECS;13606.0;6
593800;;;INTARIAN_PEPPER_ROOT;XIRECS;13607.0;3
595000;;;ASH_COATED_OSMIUM;XIRECS;10008.0;2
600500;;;INTARIAN_PEPPER_ROOT;XIRECS;13531.0;6
600600;;;ASH_COATED_OSMIUM;XIRECS;9993.0;6
603100;;;ASH_COATED_OSMIUM;XIRECS;9992.0;3
605900;;;INTARIAN_PEPPER_ROOT;XIRECS;13481.0;3
607400;;;ASH_COATED_OSMIUM;XIRECS;9992.0;3
607800;;;ASH_COATED_OSMIUM;XIRECS;10010.0;5
610500;;;INTARIAN_PEPPER_ROOT;XIRECS;13704.0;5
611600;;;ASH_COATED_OSMIUM;XIRECS;9993.0;6
611900;;;ASH_COATED_OSMIUM;XIRECS;9989.0;5
612000;;;ASH_COATED_OSMIUM;XIRECS;10002.0;2
612300;;;INTARIAN_PEPPER_ROOT;XIRECS;13707.0;8
615600;;;ASH_COATED_OSMIUM;XIRECS;10009.0;5
620700;;;ASH_COATED_OSMIUM;XIRECS;10009.0;8
622900;;;ASH_COATED_OSMIUM;XIRECS;10013.0;4
623400;;;INTARIAN_PEPPER_ROOT;XIRECS;13587.0;6
624500;;;ASH_COATED_OSMIUM;XIRECS;9994.0;6
628900;;;ASH_COATED_OSMIUM;XIRECS;10006.0;6
629200;;;INTARIAN_PEPPER_ROOT;XIRECS;13668.0;4
631100;;;INTARIAN_PEPPER_ROOT;XIRECS;13566.0;6
632300;;;ASH_COATED_OSMIUM;XIRECS;10005.0;5
634200;;;ASH_COATED_OSMIUM;XIRECS;9986.0;2
634500;;;INTARIAN_PEPPER_ROOT;XIRECS;13435.0;6
636500;;;INTARIAN_PEPPER_ROOT;XIRECS;13442.0;5
637100;;;INTARIAN_PEPPER_ROOT;XIRECS;13480.0;6
639100;;;ASH_COATED_OSMIUM;XIRECS;10002.0;8
639300;;;INTARIAN_PEPPER_ROOT;XIRECS;13587.0;3
640000;;;INTARIAN_PEPPER_ROOT;XIRECS;13626.0;4
640200;;;INTARIAN_PEPPER_ROOT;XIRECS;13652.0;6
640600;;;ASH_COATED_OSMIUM;XIRECS;9991.0;3
641500;;;INTARIAN_PEPPER_ROOT;XIRECS;13702.0;5
642300;;;INTARIAN_PEPPER_ROOT;XIRECS;13723.0;4
643100;;;ASH_COATED_OSMIUM;XIRECS;10003.0;6
643100;;;INTARIAN_PEPPER_ROOT;XIRECS;13706.0;5
644500;;;ASH_COATED_OSMIUM;XIRECS;9999.0;6
645700;;;ASH_COATED_OSMIUM;XIRECS;9999.0;8
645800;;;ASH_COATED_OSMIUM;XIRECS;9980.0;2
646000;;;INTARIAN_PEPPER_ROOT;XIRECS;13620.0;4
647700;;;ASH_COATED_OSMIUM;XIRECS;10001.0;5
650800;;;ASH_COATED_OSMIUM;XIRECS;9994.0;4
653900;;;ASH_COATED_OSMIUM;XIRECS;9990.0;6
654800;;;ASH_COATED_OSMIUM;XIRECS;9991.0;6
656300;;;ASH_COATED_OSMIUM;XIRECS;9991.0;3
656600;;;INTARIAN_PEPPER_ROOT;XIRECS;13646.0;6
656900;;;ASH_COATED_OSMIUM;XIRECS;9990.0;10
658400;;;ASH_COATED_OSMIUM;XIRECS;10001.0;3
658400;;;ASH_COATED_OSMIUM;XIRECS;10007.0;9
660600;;;ASH_COATED_OSMIUM;XIRECS;10009.0;4
660600;;;INTARIAN_PEPPER_ROOT;XIRECS;13612.0;3
662600;;;INTARIAN_PEPPER_ROOT;XIRECS;13506.0;6
666800;;;ASH_COATED_OSMIUM;XIRECS;9991.0;4
667200;;;ASH_COATED_OSMIUM;XIRECS;9991.0;5
668400;;;ASH_COATED_OSMIUM;XIRECS;10005.0;2
668400;;;INTARIAN_PEPPER_ROOT;XIRECS;13393.0;4
670000;;;INTARIAN_PEPPER_ROOT;XIRECS;13472.0;7
672400;;;INTARIAN_PEPPER_ROOT;XIRECS;13582.0;3
673600;;;ASH_COATED_OSMIUM;XIRECS;9983.0;10
673600;;;INTARIAN_PEPPER_ROOT;XIRECS;13625.0;6
677200;;;ASH_COATED_OSMIUM;XIRECS;9981.0;4
677500;;;ASH_COATED_OSMIUM;XIRECS;9983.0;2
677700;;;INTARIAN_PEPPER_ROOT;XIRECS;13491.0;4
678000;;;INTARIAN_PEPPER_ROOT;XIRECS;13473.0;3
679600;;;ASH_COATED_OSMIUM;XIRECS;10001.0;5
681200;;;ASH_COATED_OSMIUM;XIRECS;10000.0;9
681900;;;ASH_COATED_OSMIUM;XIRECS;9991.0;3
681900;;;INTARIAN_PEPPER_ROOT;XIRECS;13318.0;7
683100;;;INTARIAN_PEPPER_ROOT;XIRECS;13326.0;4
683300;;;ASH_COATED_OSMIUM;XIRECS;10005.0;4
685400;;;ASH_COATED_OSMIUM;XIRECS;10006.0;7
687500;;;INTARIAN_PEPPER_ROOT;XIRECS;13522.0;4
687700;;;INTARIAN_PEPPER_ROOT;XIRECS;13534.0;7
688200;;;INTARIAN_PEPPER_ROOT;XIRECS;13570.0;3
689500;;;ASH_COATED_OSMIUM;XIRECS;10004.0;6
690100;;;INTARIAN_PEPPER_ROOT;XIRECS;13598.0;6
690400;;;INTARIAN_PEPPER_ROOT;XIRECS;13581.0;3
690500;;;INTARIAN_PEPPER_ROOT;XIRECS;13594.0;3
690600;;;INTARIAN_PEPPER_ROOT;XIRECS;13588.0;5
690700;;;ASH_COATED_OSMIUM;XIRECS;9986.0;5
691200;;;ASH_COATED_OSMIUM;XIRECS;9988.0;4
691800;;;INTARIAN_PEPPER_ROOT;XIRECS;13540.0;7
692200;;;INTARIAN_PEPPER_ROOT;XIRECS;13518.0;4
699900;;;ASH_COATED_OSMIUM;XIRECS;10010.0;6
700100;;;ASH_COATED_OSMIUM;XIRECS;10010.0;6
700700;;;ASH_COATED_OSMIUM;XIRECS;10013.0;6
700800;;;ASH_COATED_OSMIUM;XIRECS;9995.0;3
701000;;;INTARIAN_PEPPER_ROOT;XIRECS;13343.0;4
702100;;;INTARIAN_PEPPER_ROOT;XIRECS;13413.0;7
703000;;;INTARIAN_PEPPER_ROOT;XIRECS;13445.0;5
703500;;;ASH_COATED_OSMIUM;XIRECS;9997.0;4
704300;;;ASH_COATED_OSMIUM;XIRECS;9997.0;2
705400;;;ASH_COATED_OSMIUM;XIRECS;9996.0;7
708200;;;ASH_COATED_OSMIUM;XIRECS;9996.0;5
708800;;;INTARIAN_PEPPER_ROOT;XIRECS;13395.0;4
709100;;;ASH_COATED_OSMIUM;XIRECS;9998.0;6
710200;;;ASH_COATED_OSMIUM;XIRECS;10013.0;8
712500;;;ASH_COATED_OSMIUM;XIRECS;10013.0;5
714900;;;ASH_COATED_OSMIUM;XIRECS;10003.0;5
717400;;;INTARIAN_PEPPER_ROOT;XIRECS;13268.0;4
720800;;;ASH_COATED_OSMIUM;XIRECS;10014.0;4
722300;;;INTARIAN_PEPPER_ROOT;XIRECS;13366.0;4
723500;;;ASH_COATED_OSMIUM;XIRECS;9995.0;6
724700;;;INTARIAN_PEPPER_ROOT;XIRECS;13245.0;4
725700;;;ASH_COATED_OSMIUM;XIRECS;9993.0;8
726200;;;ASH_COATED_OSMIUM;XIRECS;9994.0;5
727400;;;INTARIAN_PEPPER_ROOT;XIRECS;13074.0;6
727600;;;INTARIAN_PEPPER_ROOT;XIRECS;13065.0;3
728600;;;INTARIAN_PEPPER_ROOT;XIRECS;13015.0;5
729100;;;ASH_COATED_OSMIUM;XIRECS;10012.0;8
729700;;;ASH_COATED_OSMIUM;XIRECS;9996.0;5
730400;;;ASH_COATED_OSMIUM;XIRECS;10013.0;6
730900;;;ASH_COATED_OSMIUM;XIRECS;9993.0;5
731200;;;ASH_COATED_OSMIUM;XIRECS;10012.0;9
733700;;;INTARIAN_PEPPER_ROOT;XIRECS;13163.0;3
734900;;;ASH_COATED_OSMIUM;XIRECS;9996.0;5
735200;;;ASH_COATED_OSMIUM;XIRECS;10015.0;5
736900;;;ASH_COATED_OSMIUM;XIRECS;10013.0;5
737500;;;INTARIAN_PEPPER_ROOT;XIRECS;13246.0;3
739500;;;ASH_COATED_OSMIUM;XIRECS;9997.0;10
739600;;;ASH_COATED_OSMIUM;XIRECS;10013.0;6
742000;;;ASH_COATED_OSMIUM;XIRECS;10017.0;5
742000;;;INTARIAN_PEPPER_ROOT;XIRECS;12996.0;8
743900;;;ASH_COATED_OSMIUM;XIRECS;9998.0;4
745600;;;ASH_COATED_OSMIUM;XIRECS;9998.0;6
746100;;;ASH_COATED_OSMIUM;XIRECS;9998.0;4
746100;;;ASH_COATED_OSMIUM;XIRECS;10016.0;8
750600;;;ASH_COATED_OSMIUM;XIRECS;9999.0;5
752300;;;ASH_COATED_OSMIUM;XIRECS;10009.0;4
753100;;;INTARIAN_PEPPER_ROOT;XIRECS;13117.0;7
754100;;;ASH_COATED_OSMIUM;XIRECS;10009.0;4
754400;;;ASH_COATED_OSMIUM;XIRECS;10009.0;5
755700;;;INTARIAN_PEPPER_ROOT;XIRECS;12983.0;7
755900;;;ASH_COATED_OSMIUM;XIRECS;10007.0;4
755900;;;INTARIAN_PEPPER_ROOT;XIRECS;12984.0;3
756600;;;ASH_COATED_OSMIUM;XIRECS;9992.0;6
756600;;;ASH_COATED_OSMIUM;XIRECS;9992.0;5
756900;;;ASH_COATED_OSMIUM;XIRECS;9991.0;5
757200;;;ASH_COATED_OSMIUM;XIRECS;9991.0;9
758700;;;ASH_COATED_OSMIUM;XIRECS;9991.0;6
763200;;;INTARIAN_PEPPER_ROOT;XIRECS;12773.0;4
763800;;;INTARIAN_PEPPER_ROOT;XIRECS;12794.0;6
763900;;;ASH_COATED_OSMIUM;XIRECS;9988.0;8
764100;;;ASH_COATED_OSMIUM;XIRECS;9988.0;6
764500;;;INTARIAN_PEPPER_ROOT;XIRECS;12812.0;5
766000;;;INTARIAN_PEPPER_ROOT;XIRECS;12890.0;4
770300;;;INTARIAN_PEPPER_ROOT;XIRECS;12857.0;4
771800;;;INTARIAN_PEPPER_ROOT;XIRECS;12773.0;6
775000;;;ASH_COATED_OSMIUM;XIRECS;9989.0;4
775500;;;INTARIAN_PEPPER_ROOT;XIRECS;12545.0;7
777200;;;ASH_COATED_OSMIUM;XIRECS;9999.0;10
777200;;;INTARIAN_PEPPER_ROOT;XIRECS;12511.0;5
780300;;;ASH_COATED_OSMIUM;XIRECS;10000.0;2
781100;;;INTARIAN_PEPPER_ROOT;XIRECS;12662.0;7
782500;;;ASH_COATED_OSMIUM;XIRECS;9999.0;7
783500;;;INTARIAN_PEPPER_ROOT;XIRECS;12718.0;4
785300;;;INTARIAN_PEPPER_ROOT;XIRECS;12686.0;3
787000;;;INTARIAN_PEPPER_ROOT;XIRECS;12612.0;6
787500;;;INTARIAN_PEPPER_ROOT;XIRECS;12567.0;4
788000;;;ASH_COATED_OSMIUM;XIRECS;10002.0;5
789900;;;ASH_COATED_OSMIUM;XIRECS;9984.0;2
791700;;;INTARIAN_PEPPER_ROOT;XIRECS;12335.0;6
792100;;;ASH_COATED_OSMIUM;XIRECS;9985.0;5
793700;;;ASH_COATED_OSMIUM;XIRECS;10000.0;10
793900;;;INTARIAN_PEPPER_ROOT;XIRECS;12359.0;4
796100;;;INTARIAN_PEPPER_ROOT;XIRECS;12450.0;5
796500;;;INTARIAN_PEPPER_ROOT;XIRECS;12458.0;5
796600;;;INTARIAN_PEPPER_ROOT;XIRECS;12474.0;7
796700;;;ASH_COATED_OSMIUM;XIRECS;9983.0;4
798600;;;INTARIAN_PEPPER_ROOT;XIRECS;12551.0;5
802000;;;ASH_COATED_OSMIUM;XIRECS;9995.0;5
802400;;;ASH_COATED_OSMIUM;XIRECS;9992.0;3
803100;;;ASH_COATED_OSMIUM;XIRECS;10002.0;5
805400;;;ASH_COATED_OSMIUM;XIRECS;9995.0;4
806200;;;ASH_COATED_OSMIUM;XIRECS;9986.0;2
806300;;;INTARIAN_PEPPER_ROOT;XIRECS;12197.0;7
806400;;;INTARIAN_PEPPER_ROOT;XIRECS;12214.0;3
809500;;;ASH_COATED_OSMIUM;XIRECS;9994.0;4
810900;;;ASH_COATED_OSMIUM;XIRECS;10009.0;2
811900;;;INTARIAN_PEPPER_ROOT;XIRECS;12268.0;6
813200;;;INTARIAN_PEPPER_ROOT;XIRECS;12326.0;3
815800;;;ASH_COATED_OSMIUM;XIRECS;10009.0;4
815900;;;INTARIAN_PEPPER_ROOT;XIRECS;12368.0;3
821100;;;ASH_COATED_OSMIUM;XIRECS;10004.0;8
823600;;;ASH_COATED_OSMIUM;XIRECS;10004.0;6
825200;;;INTARIAN_PEPPER_ROOT;XIRECS;11970.0;4
825700;;;INTARIAN_PEPPER_ROOT;XIRECS;11983.0;6
829800;;;INTARIAN_PEPPER_ROOT;XIRECS;12138.0;7
833100;;;ASH_COATED_OSMIUM;XIRECS;9993.0;5
833300;;;INTARIAN_PEPPER_ROOT;XIRECS;12056.0;7
833400;;;INTARIAN_PEPPER_ROOT;XIRECS;12054.0;3
835700;;;ASH_COATED_OSMIUM;XIRECS;10011.0;8
836800;;;ASH_COATED_OSMIUM;XIRECS;9992.0;7
837300;;;INTARIAN_PEPPER_ROOT;XIRECS;11799.0;3
839500;;;INTARIAN_PEPPER_ROOT;XIRECS;11726.0;6
839900;;;ASH_COATED_OSMIUM;XIRECS;10010.0;4
840900;;;INTARIAN_PEPPER_ROOT;XIRECS;11724.0;8
841500;;;ASH_COATED_OSMIUM;XIRECS;9993.0;6
842900;;;INTARIAN_PEPPER_ROOT;XIRECS;11795.0;3
843200;;;ASH_COATED_OSMIUM;XIRECS;10007.0;5
843500;;;ASH_COATED_OSMIUM;XIRECS;9991.0;5
844300;;;INTARIAN_PEPPER_ROOT;XIRECS;11868.0;7
844800;;;INTARIAN_PEPPER_ROOT;XIRECS;11877.0;5
845400;;;INTARIAN_PEPPER_ROOT;XIRECS;11895.0;7
845500;;;ASH_COATED_OSMIUM;XIRECS;10007.0;3
845800;;;ASH_COATED_OSMIUM;XIRECS;10007.0;3
846200;;;INTARIAN_PEPPER_ROOT;XIRECS;11904.0;4
846700;;;INTARIAN_PEPPER_ROOT;XIRECS;11918.0;6
847100;;;ASH_COATED_OSMIUM;XIRECS;10006.0;2
847200;;;INTARIAN_PEPPER_ROOT;XIRECS;11913.0;5
847500;;;ASH_COATED_OSMIUM;XIRECS;10007.0;8
847700;;;ASH_COATED_OSMIUM;XIRECS;10007.0;5
847800;;;ASH_COATED_OSMIUM;XIRECS;9990.0;7
848300;;;ASH_COATED_OSMIUM;XIRECS;9990.0;5
852000;;;ASH_COATED_OSMIUM;XIRECS;10008.0;6
852500;;;ASH_COATED_OSMIUM;XIRECS;9994.0;3
852700;;;ASH_COATED_OSMIUM;XIRECS;9994.0;3
854300;;;INTARIAN_PEPPER_ROOT;XIRECS;11517.0;3
857700;;;INTARIAN_PEPPER_ROOT;XIRECS;11532.0;4
858500;;;INTARIAN_PEPPER_ROOT;XIRECS;11566.0;6
859900;;;ASH_COATED_OSMIUM;XIRECS;9990.0;4
861900;;;INTARIAN_PEPPER_ROOT;XIRECS;11676.0;7
862000;;;ASH_COATED_OSMIUM;XIRECS;10004.0;2
864800;;;ASH_COATED_OSMIUM;XIRECS;10006.0;8
865000;;;ASH_COATED_OSMIUM;XIRECS;9990.0;6
868000;;;ASH_COATED_OSMIUM;XIRECS;9988.0;3
870000;;;INTARIAN_PEPPER_ROOT;XIRECS;11271.0;7
871100;;;ASH_COATED_OSMIUM;XIRECS;10005.0;5
871700;;;ASH_COATED_OSMIUM;XIRECS;9989.0;2
871900;;;ASH_COATED_OSMIUM;XIRECS;10005.0;2
874400;;;ASH_COATED_OSMIUM;XIRECS;9990.0;5
875400;;;ASH_COATED_OSMIUM;XIRECS;9990.0;5
875800;;;INTARIAN_PEPPER_ROOT;XIRECS;11365.0;3
877900;;;ASH_COATED_OSMIUM;XIRECS;9989.0;7
878000;;;INTARIAN_PEPPER_ROOT;XIRECS;11400.0;4
878400;;;ASH_COATED_OSMIUM;XIRECS;10004.0;5
881000;;;ASH_COATED_OSMIUM;XIRECS;9983.0;4
881200;;;INTARIAN_PEPPER_ROOT;XIRECS;11267.0;4
883700;;;INTARIAN_PEPPER_ROOT;XIRECS;11060.0;5
886000;;;INTARIAN_PEPPER_ROOT;XIRECS;10949.0;3
887000;;;INTARIAN_PEPPER_ROOT;XIRECS;10931.0;4
887700;;;ASH_COATED_OSMIUM;XIRECS;10004.0;6
887900;;;INTARIAN_PEPPER_ROOT;XIRECS;10924.0;4
889300;;;INTARIAN_PEPPER_ROOT;XIRECS;10975.0;4
891200;;;INTARIAN_PEPPER_ROOT;XIRECS;11046.0;7
892900;;;ASH_COATED_OSMIUM;XIRECS;10006.0;8
893400;;;ASH_COATED_OSMIUM;XIRECS;9990.0;4
898100;;;INTARIAN_PEPPER_ROOT;XIRECS;10834.0;8
899200;;;ASH_COATED_OSMIUM;XIRECS;10009.0;5
899500;;;INTARIAN_PEPPER_ROOT;XIRECS;10738.0;6
901500;;;ASH_COATED_OSMIUM;XIRECS;10009.0;8
902100;;;ASH_COATED_OSMIUM;XIRECS;9992.0;3
904900;;;ASH_COATED_OSMIUM;XIRECS;10007.0;3
905000;;;ASH_COATED_OSMIUM;XIRECS;9988.0;10
905300;;;ASH_COATED_OSMIUM;XIRECS;9991.0;4
907600;;;INTARIAN_PEPPER_ROOT;XIRECS;10743.0;6
907700;;;INTARIAN_PEPPER_ROOT;XIRECS;10749.0;7
909600;;;ASH_COATED_OSMIUM;XIRECS;9991.0;4
909900;;;ASH_COATED_OSMIUM;XIRECS;10008.0;8
911000;;;INTARIAN_PEPPER_ROOT;XIRECS;10705.0;5
911400;;;ASH_COATED_OSMIUM;XIRECS;10008.0;2
912600;;;ASH_COATED_OSMIUM;XIRECS;10011.0;3
912600;;;INTARIAN_PEPPER_ROOT;XIRECS;10623.0;7
914900;;;INTARIAN_PEPPER_ROOT;XIRECS;10447.0;5
917900;;;ASH_COATED_OSMIUM;XIRECS;10010.0;5
918600;;;INTARIAN_PEPPER_ROOT;XIRECS;10289.0;7
919200;;;ASH_COATED_OSMIUM;XIRECS;9995.0;3
920500;;;INTARIAN_PEPPER_ROOT;XIRECS;10323.0;4
920900;;;ASH_COATED_OSMIUM;XIRECS;10011.0;3
921100;;;INTARIAN_PEPPER_ROOT;XIRECS;10345.0;5
921200;;;ASH_COATED_OSMIUM;XIRECS;10010.0;10
922700;;;INTARIAN_PEPPER_ROOT;XIRECS;10404.0;3
922800;;;INTARIAN_PEPPER_ROOT;XIRECS;10392.0;7
923700;;;ASH_COATED_OSMIUM;XIRECS;9995.0;3
923800;;;ASH_COATED_OSMIUM;XIRECS;10005.0;4
927200;;;INTARIAN_PEPPER_ROOT;XIRECS;10364.0;3
928500;;;ASH_COATED_OSMIUM;XIRECS;9996.0;3
929100;;;ASH_COATED_OSMIUM;XIRECS;9995.0;4
929700;;;ASH_COATED_OSMIUM;XIRECS;10012.0;2
929900;;;INTARIAN_PEPPER_ROOT;XIRECS;10161.0;7
931000;;;ASH_COATED_OSMIUM;XIRECS;10001.0;5
932600;;;ASH_COATED_OSMIUM;XIRECS;10014.0;10
933700;;;INTARIAN_PEPPER_ROOT;XIRECS;9949.0;6
934300;;;ASH_COATED_OSMIUM;XIRECS;10012.0;3
935900;;;ASH_COATED_OSMIUM;XIRECS;9995.0;8
936600;;;INTARIAN_PEPPER_ROOT;XIRECS;9970.0;8
938100;;;INTARIAN_PEPPER_ROOT;XIRECS;10017.0;6
939100;;;ASH_COATED_OSMIUM;XIRECS;10011.0;2
939500;;;ASH_COATED_OSMIUM;XIRECS;10011.0;9
939600;;;ASH_COATED_OSMIUM;XIRECS;10011.0;6
942700;;;INTARIAN_PEPPER_ROOT;XIRECS;9997.0;3
946100;;;ASH_COATED_OSMIUM;XIRECS;9995.0;10
947900;;;INTARIAN_PEPPER_ROOT;XIRECS;9612.0;5
948000;;;INTARIAN_PEPPER_ROOT;XIRECS;9605.0;6
948200;;;INTARIAN_PEPPER_ROOT;XIRECS;9610.0;6
948400;;;ASH_COATED_OSMIUM;XIRECS;10013.0;7
949600;;;ASH_COATED_OSMIUM;XIRECS;10011.0;2
949900;;;INTARIAN_PEPPER_ROOT;XIRECS;9564.0;4
956600;;;ASH_COATED_OSMIUM;XIRECS;9990.0;3
958100;;;INTARIAN_PEPPER_ROOT;XIRECS;9657.0;6
959100;;;INTARIAN_PEPPER_ROOT;XIRECS;9592.0;3
960400;;;ASH_COATED_OSMIUM;XIRECS;9989.0;4
964400;;;ASH_COATED_OSMIUM;XIRECS;10005.0;3
965000;;;INTARIAN_PEPPER_ROOT;XIRECS;9199.0;7
965600;;;INTARIAN_PEPPER_ROOT;XIRECS;9192.0;5
966200;;;INTARIAN_PEPPER_ROOT;XIRECS;9193.0;5
971300;;;ASH_COATED_OSMIUM;XIRECS;10000.0;5
973900;;;INTARIAN_PEPPER_ROOT;XIRECS;9303.0;5
974600;;;INTARIAN_PEPPER_ROOT;XIRECS;9246.0;7
975000;;;ASH_COATED_OSMIUM;XIRECS;10003.0;4
975500;;;ASH_COATED_OSMIUM;XIRECS;9985.0;2
975900;;;ASH_COATED_OSMIUM;XIRECS;10001.0;3
976500;;;ASH_COATED_OSMIUM;XIRECS;9985.0;6
976500;;;INTARIAN_PEPPER_ROOT;XIRECS;9124.0;5
976900;;;INTARIAN_PEPPER_ROOT;XIRECS;9088.0;3
977200;;;INTARIAN_PEPPER_ROOT;XIRECS;9052.0;5
978400;;;INTARIAN_PEPPER_ROOT;XIRECS;8972.0;6
978600;;;ASH_COATED_OSMIUM;XIRECS;9986.0;3
981200;;;ASH_COATED_OSMIUM;XIRECS;10001.0;5
981200;;;INTARIAN_PEPPER_ROOT;XIRECS;8846.0;3
983000;;;INTARIAN_PEPPER_ROOT;XIRECS;8861.0;6
984500;;;ASH_COATED_OSMIUM;XIRECS;9990.0;4
985700;;;ASH_COATED_OSMIUM;XIRECS;9995.0;3
986600;;;ASH_COATED_OSMIUM;XIRECS;10002.0;3
986800;;;ASH_COATED_OSMIUM;XIRECS;9987.0;6
987500;;;ASH_COATED_OSMIUM;XIRECS;10002.0;6
987600;;;INTARIAN_PEPPER_ROOT;XIRECS;8972.0;3
989300;;;ASH_COATED_OSMIUM;XIRECS;9985.0;2
989900;;;INTARIAN_PEPPER_ROOT;XIRECS;8900.0;4
991100;;;INTARIAN_PEPPER_ROOT;XIRECS;8818.0;6
991400;;;ASH_COATED_OSMIUM;XIRECS;9983.0;9
993300;;;ASH_COATED_OSMIUM;XIRECS;9984.0;5
994400;;;INTARIAN_PEPPER_ROOT;XIRECS;8549.0;3
995100;;;INTARIAN_PEPPER_ROOT;XIRECS;8518.0;7
995600;;;ASH_COATED_OSMIUM;XIRECS;10001.0;6
997200;;;ASH_COATED_OSMIUM;XIRECS;9985.0;4
